insert into library.person
values ('John Smith', 1001, 10, '2022-01-01', '2023-12-31', 1, 'ABC123', false),
       ('Sarah Lee', 1002, 11, '2022-03-15', '2023-03-14', 1, 'DEF456', false),
       ('Michael Brown', 1003, 50, '2021-05-01', '2023-04-30', 1, 'GHI789', false),
       ('Emily Chen', 1004, 54, '2021-02-01', '2023-01-31', 3, 'JKL012', false),
       ('David Kim', 1005, 42, '2021-04-01', '2023-03-31', 2, 'MNO345', false),
       ('Amanda Johnson', 1006, 31, '2021-06-01', '2023-05-31', 1, 'PQR678', false),
       ('Jason Park', 1007, 38, '2021-01-15', '2023-01-14', 1, 'STU901', false),
       ('Jessica Lee', 1008, 24, '2021-03-01', '2023-02-28', 1, 'VWX234', false),
       ('Matthew Davis', 1009, 15, '2022-02-15', '2023-02-14', 1, 'YZA567', false),
       ('Jenny Kim', 1010, 7, '2022-04-15', '2023-04-14', 0, 'BCD890', false);

insert into library.clerk
values ('Mrs. Emilia', 14326),
       ('Mrs. Laura', 13138),
       ('Mr. Jim', 13619),
       ('Mrs. Ann', 15781),
       ('Mr. Jackson', 18953);

insert into library.person_level
values ('Beginner', 10, 7),
       ('Regular reader', 20, 5),
       ('Bibliophile', 40, 3);

insert into library.book_archive (book_type_id, book_amount)
values (48368, 139),
       (73645, 191),
       (90033, 70),
       (22100, 41),
       (55688, 109),
       (12755, 157),
       (99987, 178),
       (35092, 56),
       (84433, 23),
       (61571, 92);

insert into library.book (book_name, book_id, genre, book_type_id)
values ('The Old Man and the Sea', 11, 'Classic Fiction', 12755),
       ('The Picture of Dorian Gray', 12, 'Gothic Fiction', 73645),
       ('The Color Purple', 13, 'Contemporary Fiction', 61571),
       ('The Road', 14, 'Post-Apocalyptic Fiction', 90033),
       ('The Bell Jar', 15, 'Autobiographical Fiction', 84433),
       ('The Shining', 16, 'Horror', 55688),
       ('Wuthering Heights', 17, 'Romance', 22100),
       ('The Hobbit', 18, 'Fantasy', 99987),
       ('The Handmaid''s Tale', 19, 'Dystopian Fiction', 48368),
       ('The Grapes of Wrath', 20, 'Historical Fiction', 35092);


insert into library.issuance_of_book
values (1233, 1006, 3, '2021-06-01', '2021-06-25', 13619),
       (1234, 1001, 2, '2022-01-01', '2022-01-15', 15781),
       (1235, 1003, 5, '2021-05-01', '2021-06-25', 13138),
       (1236, 1002, 2, '2021-03-15', '2021-04-02', 14326),
       (1237, 1004, 5, '2021-02-01', '2021-03-20', 18953),
       (1238, 1005, 4, '2021-04-01', '2021-05-20', 14326),
       (1239, 1007, 4, '2021-01-15', '2021-02-25', 13619),
       (1240, 1008, 3, '2021-03-01', '2021-03-28', 13138),
       (1241, 1009, 1, '2022-02-15', '2022-02-22', 18953),
       (1242, 1010, 2, '2022-04-15', '2022-04-29', 15781);

insert into library.book_return
values (1233, 1006, 3, '2021-06-01', '2021-06-25', 13619, '2021-06-27'),
       (1234, 1001, 2, '2022-01-01', '2022-01-15', 15781, '2022-01-12'),
       (1235, 1003, 5, '2021-05-01', '2021-06-25', 13138, '2021-06-28'),
       (1236, 1002, 2, '2021-03-15', '2021-04-02', 14326, '2021-04-03'),
       (1237, 1004, 5, '2021-02-01', '2021-03-20', 18953, '2021-03-25'),
       (1238, 1005, 4, '2021-04-01', '2021-05-20', 14326, '2021-05-22'),
       (1239, 1007, 4, '2021-01-15', '2021-02-25', 13619, '2021-02-25'),
       (1240, 1008, 3, '2021-03-01', '2021-03-28', 13138, '2021-03-26'),
       (1241, 1009, 1, '2022-02-15', '2022-02-22', 18953, '2022-02-22'),
       (1242, 1010, 2, '2022-04-15', '2022-04-29', 15781, '2022-04-28');


insert into library.book_history
values (1, 15, 1233),
       (2, 11, 1234),
       (3, 13, 1235),
       (4, 20, 1236),
       (5, 12, 1237),
       (6, 19, 1238),
       (7, 14, 1239),
       (8, 16, 1240),
       (9, 17, 1241),
       (10, 18, 1242);
